﻿<?xml version="1.0" encoding="utf-8"?>
<ModMetaData>
	<name>Archotech+</name>
	<author>Biscuit</author>
    <url>https://steamcommunity.com/workshop/filedetails/?id=2010967585</url>
	<supportedVersions>
			<li>1.1</li>
	</supportedVersions>
	<packageId>Biscuit.ArchotechPlus.20</packageId>
	<description>Archotech+ is a lightweight expansion that adds four new archotech implants that are rewarded from quests or tasks. These implants are balanced around vanilla and royalty implants and while they are powerful, they will not make any pawn invincible. Other implants are more powerful targeted bonuses in a single area, but these often present significant drawbacks that these do not.
		
All implants included can be self-installed by a pawn with zero chance of failure, so you won't lose an implant due to a bad surgeon and you can readily use them in a single-pawn run, however none of the implants may be removed once they are installed. I hope these work well, let me know if you have any issues and I'll try to fix them. Thanks for your time! :)
		
You're awesome, I hope you have a great day :)
	</description>
</ModMetaData>
